<metadata xml:lang="en"><Esri><CreaDate>20240212</CreaDate><CreaTime>09092400</CreaTime><ArcGISFormat>1.0</ArcGISFormat><SyncOnce>FALSE</SyncOnce><DataProperties><lineage><Process ToolSource="c:\program files\arcgis\pro\Resources\ArcToolbox\toolboxes\Data Management Tools.tbx\UpdateSchema" Date="20240212" Time="090924">UpdateSchema "CIMDATA=&lt;CIMStandardDataConnection xsi:type='typens:CIMStandardDataConnection' xmlns:xsi='http://www.w3.org/2001/XMLSchema-instance' xmlns:xs='http://www.w3.org/2001/XMLSchema' xmlns:typens='http://www.esri.com/schemas/ArcGIS/3.2.0'&gt;&lt;WorkspaceConnectionString&gt;DATABASE=G:\A_SueB\Map_Elements\CropFiles\2024\Crops_2024&lt;/WorkspaceConnectionString&gt;&lt;WorkspaceFactory&gt;Shapefile&lt;/WorkspaceFactory&gt;&lt;Dataset&gt;CropDev2024_021224.shp&lt;/Dataset&gt;&lt;DatasetType&gt;esriDTFeatureClass&lt;/DatasetType&gt;&lt;/CIMStandardDataConnection&gt;" &lt;operationSequence&gt;&lt;workflow&gt;&lt;AlterField&gt;&lt;field_name&gt;p_eff_date&lt;/field_name&gt;&lt;field_is_nullable&gt;False&lt;/field_is_nullable&gt;&lt;clear_field_alias&gt;False&lt;/clear_field_alias&gt;&lt;/AlterField&gt;&lt;/workflow&gt;&lt;workflow&gt;&lt;AlterField&gt;&lt;field_name&gt;p_exp_date&lt;/field_name&gt;&lt;field_is_nullable&gt;False&lt;/field_is_nullable&gt;&lt;clear_field_alias&gt;False&lt;/clear_field_alias&gt;&lt;/AlterField&gt;&lt;/workflow&gt;&lt;/operationSequence&gt;</Process><Process ToolSource="c:\program files\arcgis\pro\Resources\ArcToolbox\toolboxes\Conversion Tools.tbx\ExportFeatures" Date="20240212" Time="093057">ExportFeatures CropDev2024_021224 "G:\A_SueB\Requests for GIS\1_AppleDevicesCrop_kmz\CropsColorCode21\ColorCropsKML\ColorCropsKML.gdb\CropDev2024_021224_Aft1_1_22" # NOT_USE_ALIAS "site_id "site_id" true true false 8 Text 0 0,First,#,CropDev2024_021224,site_id,0,7;permit_num "permit_num" true true false 7 Text 0 0,First,#,CropDev2024_021224,permit_num,0,6;permittee "permittee" true true false 100 Text 0 0,First,#,CropDev2024_021224,permittee,0,99;permit_yr "permit_yr" true true false 10 Long 0 10,First,#,CropDev2024_021224,permit_yr,-1,-1;p_eff_date "p_eff_date" true true false 8 Date 0 0,First,#,CropDev2024_021224,p_eff_date,-1,-1;p_exp_date "p_exp_date" true true false 8 Date 0 0,First,#,CropDev2024_021224,p_exp_date,-1,-1;status "status" true true false 20 Text 0 0,First,#,CropDev2024_021224,status,0,19;Version "Version" true true false 10 Long 0 10,First,#,CropDev2024_021224,Version,-1,-1;MostRecAll "MostRecAll" true true false 1 Text 0 0,First,#,CropDev2024_021224,MostRecAll,0,0;MostRecYr "MostRecYr" true true false 1 Text 0 0,First,#,CropDev2024_021224,MostRecYr,0,0;site_name "site_name" true true false 100 Text 0 0,First,#,CropDev2024_021224,site_name,0,99;loc_narr "loc_narr" true true false 100 Text 0 0,First,#,CropDev2024_021224,loc_narr,0,99;is_active "is_active" true true false 1 Text 0 0,First,#,CropDev2024_021224,is_active,0,0;size "size" true true false 24 Double 15 23,First,#,CropDev2024_021224,size,-1,-1;size_units "size_units" true true false 25 Text 0 0,First,#,CropDev2024_021224,size_units,0,24;crop_list "crop_list" true true false 254 Text 0 0,First,#,CropDev2024_021224,crop_list,0,253;calc_acres "calc_acres" true true false 24 Double 15 23,First,#,CropDev2024_021224,calc_acres,-1,-1" #</Process><Process ToolSource="c:\program files\arcgis\pro\Resources\ArcToolbox\toolboxes\Conversion Tools.tbx\ExportFeatures" Date="20240212" Time="093526">ExportFeatures CropDev2024_021224_Aft1_1_22 "G:\A_SueB\Requests for GIS\1_AppleDevicesCrop_kmz\CropsColorCode21\ColorCropsKML\ColorCropsKML.gdb\CropDev2024_021224_Aft1_1_22_Issued" # NOT_USE_ALIAS "site_id "site_id" true true false 8 Text 0 0,First,#,CropDev2024_021224_Aft1_1_22,site_id,0,7;permit_num "permit_num" true true false 7 Text 0 0,First,#,CropDev2024_021224_Aft1_1_22,permit_num,0,6;permittee "permittee" true true false 100 Text 0 0,First,#,CropDev2024_021224_Aft1_1_22,permittee,0,99;permit_yr "permit_yr" true true false 4 Long 0 0,First,#,CropDev2024_021224_Aft1_1_22,permit_yr,-1,-1;p_eff_date "p_eff_date" true true false 8 Date 0 0,First,#,CropDev2024_021224_Aft1_1_22,p_eff_date,-1,-1;p_exp_date "p_exp_date" true true false 8 Date 0 0,First,#,CropDev2024_021224_Aft1_1_22,p_exp_date,-1,-1;status "status" true true false 20 Text 0 0,First,#,CropDev2024_021224_Aft1_1_22,status,0,19;Version "Version" true true false 4 Long 0 0,First,#,CropDev2024_021224_Aft1_1_22,Version,-1,-1;MostRecAll "MostRecAll" true true false 1 Text 0 0,First,#,CropDev2024_021224_Aft1_1_22,MostRecAll,0,0;MostRecYr "MostRecYr" true true false 1 Text 0 0,First,#,CropDev2024_021224_Aft1_1_22,MostRecYr,0,0;site_name "site_name" true true false 100 Text 0 0,First,#,CropDev2024_021224_Aft1_1_22,site_name,0,99;loc_narr "loc_narr" true true false 100 Text 0 0,First,#,CropDev2024_021224_Aft1_1_22,loc_narr,0,99;is_active "is_active" true true false 1 Text 0 0,First,#,CropDev2024_021224_Aft1_1_22,is_active,0,0;size "size" true true false 8 Double 0 0,First,#,CropDev2024_021224_Aft1_1_22,size,-1,-1;size_units "size_units" true true false 25 Text 0 0,First,#,CropDev2024_021224_Aft1_1_22,size_units,0,24;crop_list "crop_list" true true false 254 Text 0 0,First,#,CropDev2024_021224_Aft1_1_22,crop_list,0,253;calc_acres "calc_acres" true true false 8 Double 0 0,First,#,CropDev2024_021224_Aft1_1_22,calc_acres,-1,-1;Shape_Length "Shape_Length" false true true 8 Double 0 0,First,#,CropDev2024_021224_Aft1_1_22,Shape_Length,-1,-1;Shape_Area "Shape_Area" false true true 8 Double 0 0,First,#,CropDev2024_021224_Aft1_1_22,Shape_Area,-1,-1" #</Process><Process ToolSource="c:\program files\arcgis\pro\Resources\ArcToolbox\toolboxes\Conversion Tools.tbx\ExportFeatures" Date="20240212" Time="095333">ExportFeatures CropDev2024_021224_Aft1_1_22_Issued "G:\A_SueB\Requests for GIS\1_AppleDevicesCrop_kmz\CropsColorCode21\ColorCropsKML\ColorCropsKML.gdb\CropDev2024_021224_Aft1_1_22_Issued_MinEnd23" # NOT_USE_ALIAS "site_id "site_id" true true false 8 Text 0 0,First,#,CropDev2024_021224_Aft1_1_22_Issued,site_id,0,7;permit_num "permit_num" true true false 7 Text 0 0,First,#,CropDev2024_021224_Aft1_1_22_Issued,permit_num,0,6;permittee "permittee" true true false 100 Text 0 0,First,#,CropDev2024_021224_Aft1_1_22_Issued,permittee,0,99;permit_yr "permit_yr" true true false 4 Long 0 0,First,#,CropDev2024_021224_Aft1_1_22_Issued,permit_yr,-1,-1;p_eff_date "p_eff_date" true true false 8 Date 0 0,First,#,CropDev2024_021224_Aft1_1_22_Issued,p_eff_date,-1,-1;p_exp_date "p_exp_date" true true false 8 Date 0 0,First,#,CropDev2024_021224_Aft1_1_22_Issued,p_exp_date,-1,-1;status "status" true true false 20 Text 0 0,First,#,CropDev2024_021224_Aft1_1_22_Issued,status,0,19;Version "Version" true true false 4 Long 0 0,First,#,CropDev2024_021224_Aft1_1_22_Issued,Version,-1,-1;MostRecAll "MostRecAll" true true false 1 Text 0 0,First,#,CropDev2024_021224_Aft1_1_22_Issued,MostRecAll,0,0;MostRecYr "MostRecYr" true true false 1 Text 0 0,First,#,CropDev2024_021224_Aft1_1_22_Issued,MostRecYr,0,0;site_name "site_name" true true false 100 Text 0 0,First,#,CropDev2024_021224_Aft1_1_22_Issued,site_name,0,99;loc_narr "loc_narr" true true false 100 Text 0 0,First,#,CropDev2024_021224_Aft1_1_22_Issued,loc_narr,0,99;is_active "is_active" true true false 1 Text 0 0,First,#,CropDev2024_021224_Aft1_1_22_Issued,is_active,0,0;size "size" true true false 8 Double 0 0,First,#,CropDev2024_021224_Aft1_1_22_Issued,size,-1,-1;size_units "size_units" true true false 25 Text 0 0,First,#,CropDev2024_021224_Aft1_1_22_Issued,size_units,0,24;crop_list "crop_list" true true false 254 Text 0 0,First,#,CropDev2024_021224_Aft1_1_22_Issued,crop_list,0,253;calc_acres "calc_acres" true true false 8 Double 0 0,First,#,CropDev2024_021224_Aft1_1_22_Issued,calc_acres,-1,-1;Shape_Length "Shape_Length" false true true 8 Double 0 0,First,#,CropDev2024_021224_Aft1_1_22_Issued,Shape_Length,-1,-1;Shape_Area "Shape_Area" false true true 8 Double 0 0,First,#,CropDev2024_021224_Aft1_1_22_Issued,Shape_Area,-1,-1" #</Process><Process ToolSource="c:\program files\arcgis\pro\Resources\ArcToolbox\toolboxes\Conversion Tools.tbx\ExportFeatures" Date="20240212" Time="105041">ExportFeatures CropDev2024_021224_Aft1_1_22_Issued_MinEnd23 "G:\A_SueB\Requests for GIS\1_AppleDevicesCrop_kmz\CropsColorCode21\ColorCropsKML\ColorCropsKML.gdb\CropDev2024_021224_Aft1_1_22_Issued_EFF_1_1_22" # NOT_USE_ALIAS "site_id "site_id" true true false 8 Text 0 0,First,#,CropDev2024_021224_Aft1_1_22_Issued_MinEnd23,site_id,0,7;permit_num "permit_num" true true false 7 Text 0 0,First,#,CropDev2024_021224_Aft1_1_22_Issued_MinEnd23,permit_num,0,6;permittee "permittee" true true false 100 Text 0 0,First,#,CropDev2024_021224_Aft1_1_22_Issued_MinEnd23,permittee,0,99;permit_yr "permit_yr" true true false 4 Long 0 0,First,#,CropDev2024_021224_Aft1_1_22_Issued_MinEnd23,permit_yr,-1,-1;p_eff_date "p_eff_date" true true false 8 Date 0 0,First,#,CropDev2024_021224_Aft1_1_22_Issued_MinEnd23,p_eff_date,-1,-1;p_exp_date "p_exp_date" true true false 8 Date 0 0,First,#,CropDev2024_021224_Aft1_1_22_Issued_MinEnd23,p_exp_date,-1,-1;status "status" true true false 20 Text 0 0,First,#,CropDev2024_021224_Aft1_1_22_Issued_MinEnd23,status,0,19;Version "Version" true true false 4 Long 0 0,First,#,CropDev2024_021224_Aft1_1_22_Issued_MinEnd23,Version,-1,-1;MostRecAll "MostRecAll" true true false 1 Text 0 0,First,#,CropDev2024_021224_Aft1_1_22_Issued_MinEnd23,MostRecAll,0,0;MostRecYr "MostRecYr" true true false 1 Text 0 0,First,#,CropDev2024_021224_Aft1_1_22_Issued_MinEnd23,MostRecYr,0,0;site_name "site_name" true true false 100 Text 0 0,First,#,CropDev2024_021224_Aft1_1_22_Issued_MinEnd23,site_name,0,99;loc_narr "loc_narr" true true false 100 Text 0 0,First,#,CropDev2024_021224_Aft1_1_22_Issued_MinEnd23,loc_narr,0,99;is_active "is_active" true true false 1 Text 0 0,First,#,CropDev2024_021224_Aft1_1_22_Issued_MinEnd23,is_active,0,0;size "size" true true false 8 Double 0 0,First,#,CropDev2024_021224_Aft1_1_22_Issued_MinEnd23,size,-1,-1;size_units "size_units" true true false 25 Text 0 0,First,#,CropDev2024_021224_Aft1_1_22_Issued_MinEnd23,size_units,0,24;crop_list "crop_list" true true false 254 Text 0 0,First,#,CropDev2024_021224_Aft1_1_22_Issued_MinEnd23,crop_list,0,253;calc_acres "calc_acres" true true false 8 Double 0 0,First,#,CropDev2024_021224_Aft1_1_22_Issued_MinEnd23,calc_acres,-1,-1;Shape_Length "Shape_Length" false true true 8 Double 0 0,First,#,CropDev2024_021224_Aft1_1_22_Issued_MinEnd23,Shape_Length,-1,-1;Shape_Area "Shape_Area" false true true 8 Double 0 0,First,#,CropDev2024_021224_Aft1_1_22_Issued_MinEnd23,Shape_Area,-1,-1" #</Process><Process ToolSource="c:\program files\arcgis\pro\Resources\ArcToolbox\toolboxes\Conversion Tools.tbx\ExportFeatures" Date="20240212" Time="105700">ExportFeatures CropDev2024_021224_Aft1_1_22_Issued_EFF_1_1_22 "G:\A_SueB\Requests for GIS\1_AppleDevicesCrop_kmz\CropsColorCode21\ColorCropsKML\ColorCropsKML.gdb\CropDev2024_021224_Aft1_1_22_Issued_EFF_1_1_22_ExpAft2024" # NOT_USE_ALIAS "site_id "site_id" true true false 8 Text 0 0,First,#,CropDev2024_021224_Aft1_1_22_Issued_EFF_1_1_22,site_id,0,7;permit_num "permit_num" true true false 7 Text 0 0,First,#,CropDev2024_021224_Aft1_1_22_Issued_EFF_1_1_22,permit_num,0,6;permittee "permittee" true true false 100 Text 0 0,First,#,CropDev2024_021224_Aft1_1_22_Issued_EFF_1_1_22,permittee,0,99;permit_yr "permit_yr" true true false 4 Long 0 0,First,#,CropDev2024_021224_Aft1_1_22_Issued_EFF_1_1_22,permit_yr,-1,-1;p_eff_date "p_eff_date" true true false 8 Date 0 0,First,#,CropDev2024_021224_Aft1_1_22_Issued_EFF_1_1_22,p_eff_date,-1,-1;p_exp_date "p_exp_date" true true false 8 Date 0 0,First,#,CropDev2024_021224_Aft1_1_22_Issued_EFF_1_1_22,p_exp_date,-1,-1;status "status" true true false 20 Text 0 0,First,#,CropDev2024_021224_Aft1_1_22_Issued_EFF_1_1_22,status,0,19;Version "Version" true true false 4 Long 0 0,First,#,CropDev2024_021224_Aft1_1_22_Issued_EFF_1_1_22,Version,-1,-1;MostRecAll "MostRecAll" true true false 1 Text 0 0,First,#,CropDev2024_021224_Aft1_1_22_Issued_EFF_1_1_22,MostRecAll,0,0;MostRecYr "MostRecYr" true true false 1 Text 0 0,First,#,CropDev2024_021224_Aft1_1_22_Issued_EFF_1_1_22,MostRecYr,0,0;site_name "site_name" true true false 100 Text 0 0,First,#,CropDev2024_021224_Aft1_1_22_Issued_EFF_1_1_22,site_name,0,99;loc_narr "loc_narr" true true false 100 Text 0 0,First,#,CropDev2024_021224_Aft1_1_22_Issued_EFF_1_1_22,loc_narr,0,99;is_active "is_active" true true false 1 Text 0 0,First,#,CropDev2024_021224_Aft1_1_22_Issued_EFF_1_1_22,is_active,0,0;size "size" true true false 8 Double 0 0,First,#,CropDev2024_021224_Aft1_1_22_Issued_EFF_1_1_22,size,-1,-1;size_units "size_units" true true false 25 Text 0 0,First,#,CropDev2024_021224_Aft1_1_22_Issued_EFF_1_1_22,size_units,0,24;crop_list "crop_list" true true false 254 Text 0 0,First,#,CropDev2024_021224_Aft1_1_22_Issued_EFF_1_1_22,crop_list,0,253;calc_acres "calc_acres" true true false 8 Double 0 0,First,#,CropDev2024_021224_Aft1_1_22_Issued_EFF_1_1_22,calc_acres,-1,-1;Shape_Length "Shape_Length" false true true 8 Double 0 0,First,#,CropDev2024_021224_Aft1_1_22_Issued_EFF_1_1_22,Shape_Length,-1,-1;Shape_Area "Shape_Area" false true true 8 Double 0 0,First,#,CropDev2024_021224_Aft1_1_22_Issued_EFF_1_1_22,Shape_Area,-1,-1" #</Process><Process ToolSource="c:\program files\arcgis\pro\Resources\ArcToolbox\toolboxes\Data Management Tools.tbx\UpdateSchema" Date="20240212" Time="110110">UpdateSchema "CIMDATA=&lt;CIMStandardDataConnection xsi:type='typens:CIMStandardDataConnection' xmlns:xsi='http://www.w3.org/2001/XMLSchema-instance' xmlns:xs='http://www.w3.org/2001/XMLSchema' xmlns:typens='http://www.esri.com/schemas/ArcGIS/3.2.0'&gt;&lt;WorkspaceConnectionString&gt;DATABASE=G:\A_SueB\Requests for GIS\1_AppleDevicesCrop_kmz\CropsColorCode21\ColorCropsKML\ColorCropsKML.gdb&lt;/WorkspaceConnectionString&gt;&lt;WorkspaceFactory&gt;FileGDB&lt;/WorkspaceFactory&gt;&lt;Dataset&gt;CropDev2024_021224_Aft1_1_22_Issued_EFF_1_1_22_ExpAft2024&lt;/Dataset&gt;&lt;DatasetType&gt;esriDTFeatureClass&lt;/DatasetType&gt;&lt;/CIMStandardDataConnection&gt;" &lt;operationSequence&gt;&lt;workflow&gt;&lt;AddField&gt;&lt;field_name&gt;CrpGrp&lt;/field_name&gt;&lt;field_type&gt;TEXT&lt;/field_type&gt;&lt;field_length&gt;254&lt;/field_length&gt;&lt;field_is_nullable&gt;True&lt;/field_is_nullable&gt;&lt;field_is_required&gt;False&lt;/field_is_required&gt;&lt;/AddField&gt;&lt;/workflow&gt;&lt;/operationSequence&gt;</Process><Process ToolSource="c:\program files\arcgis\pro\Resources\ArcToolbox\toolboxes\Data Management Tools.tbx\CalculateField" Date="20240212" Time="110222">CalculateField CropDev2024_021224_Aft1_1_22_Issued_EFF_1_1_22_ExpAft2024 CrpGrp "No crop stated" Python # Text NO_ENFORCE_DOMAINS</Process><Process ToolSource="c:\program files\arcgis\pro\Resources\ArcToolbox\toolboxes\Data Management Tools.tbx\CalculateField" Date="20240212" Time="110320">CalculateField CropDev2024_021224_Aft1_1_22_Issued_EFF_1_1_22_ExpAft2024 CrpGrp "Alfalfa" Python # Text NO_ENFORCE_DOMAINS</Process><Process ToolSource="c:\program files\arcgis\pro\Resources\ArcToolbox\toolboxes\Data Management Tools.tbx\CalculateField" Date="20240212" Time="111059">CalculateField CropDev2024_021224_Aft1_1_22_Issued_EFF_1_1_22_ExpAft2024 CrpGrp "Almond" Python # Text NO_ENFORCE_DOMAINS</Process><Process ToolSource="c:\program files\arcgis\pro\Resources\ArcToolbox\toolboxes\Data Management Tools.tbx\CalculateField" Date="20240212" Time="114154">CalculateField CropDev2024_021224_Aft1_1_22_Issued_EFF_1_1_22_ExpAft2024 CrpGrp "Apple" Python # Text NO_ENFORCE_DOMAINS</Process><Process ToolSource="c:\program files\arcgis\pro\Resources\ArcToolbox\toolboxes\Data Management Tools.tbx\CalculateField" Date="20240212" Time="114556">CalculateField CropDev2024_021224_Aft1_1_22_Issued_EFF_1_1_22_ExpAft2024 CrpGrp "Apricot" Python # Text NO_ENFORCE_DOMAINS</Process><Process ToolSource="c:\program files\arcgis\pro\Resources\ArcToolbox\toolboxes\Data Management Tools.tbx\CalculateField" Date="20240212" Time="115154">CalculateField CropDev2024_021224_Aft1_1_22_Issued_EFF_1_1_22_ExpAft2024 CrpGrp "Fodder, Forage, or Silage" Python # Text NO_ENFORCE_DOMAINS</Process><Process ToolSource="c:\program files\arcgis\pro\Resources\ArcToolbox\toolboxes\Data Management Tools.tbx\CalculateField" Date="20240212" Time="115445">CalculateField CropDev2024_021224_Aft1_1_22_Issued_EFF_1_1_22_ExpAft2024 CrpGrp "Fodder, Forage, or Silage" Python # Text NO_ENFORCE_DOMAINS</Process><Process ToolSource="c:\program files\arcgis\pro\Resources\ArcToolbox\toolboxes\Data Management Tools.tbx\CalculateField" Date="20240212" Time="115724">CalculateField CropDev2024_021224_Aft1_1_22_Issued_EFF_1_1_22_ExpAft2024 CrpGrp "Fodder, Forage, or Silage" Python # Text NO_ENFORCE_DOMAINS</Process><Process ToolSource="c:\program files\arcgis\pro\Resources\ArcToolbox\toolboxes\Data Management Tools.tbx\CalculateField" Date="20240212" Time="115849">CalculateField CropDev2024_021224_Aft1_1_22_Issued_EFF_1_1_22_ExpAft2024 CrpGrp "Fodder, Forage, or Silage" Python # Text NO_ENFORCE_DOMAINS</Process><Process ToolSource="c:\program files\arcgis\pro\Resources\ArcToolbox\toolboxes\Data Management Tools.tbx\CalculateField" Date="20240212" Time="120053">CalculateField CropDev2024_021224_Aft1_1_22_Issued_EFF_1_1_22_ExpAft2024 CrpGrp "Beans" Python # Text NO_ENFORCE_DOMAINS</Process><Process ToolSource="c:\program files\arcgis\pro\Resources\ArcToolbox\toolboxes\Data Management Tools.tbx\CalculateField" Date="20240212" Time="123120">CalculateField CropDev2024_021224_Aft1_1_22_Issued_EFF_1_1_22_ExpAft2024 CrpGrp "Bee Hive" Python # Text NO_ENFORCE_DOMAINS</Process><Process ToolSource="c:\program files\arcgis\pro\Resources\ArcToolbox\toolboxes\Data Management Tools.tbx\CalculateField" Date="20240212" Time="123531">CalculateField CropDev2024_021224_Aft1_1_22_Issued_EFF_1_1_22_ExpAft2024 CrpGrp "Berries, Grapes (Wine &amp; Table)" Python # Text NO_ENFORCE_DOMAINS</Process><Process ToolSource="c:\program files\arcgis\pro\Resources\ArcToolbox\toolboxes\Data Management Tools.tbx\CalculateField" Date="20240212" Time="123720">CalculateField CropDev2024_021224_Aft1_1_22_Issued_EFF_1_1_22_ExpAft2024 CrpGrp "Broccoli, +" Python # Text NO_ENFORCE_DOMAINS</Process><Process ToolSource="c:\program files\arcgis\pro\Resources\ArcToolbox\toolboxes\Data Management Tools.tbx\CalculateField" Date="20240212" Time="124512">CalculateField CropDev2024_021224_Aft1_1_22_Issued_EFF_1_1_22_ExpAft2024 CrpGrp "Cannabis" Python # Text NO_ENFORCE_DOMAINS</Process><Process ToolSource="c:\program files\arcgis\pro\Resources\ArcToolbox\toolboxes\Data Management Tools.tbx\CalculateField" Date="20240212" Time="130203">CalculateField CropDev2024_021224_Aft1_1_22_Issued_EFF_1_1_22_ExpAft2024 CrpGrp "Melons" Python # Text NO_ENFORCE_DOMAINS</Process><Process ToolSource="c:\program files\arcgis\pro\Resources\ArcToolbox\toolboxes\Data Management Tools.tbx\CalculateField" Date="20240212" Time="130746">CalculateField CropDev2024_021224_Aft1_1_22_Issued_EFF_1_1_22_ExpAft2024 CrpGrp "Cherries" Python # Text NO_ENFORCE_DOMAINS</Process><Process ToolSource="c:\program files\arcgis\pro\Resources\ArcToolbox\toolboxes\Data Management Tools.tbx\CalculateField" Date="20240212" Time="133851">CalculateField CropDev2024_021224_Aft1_1_22_Issued_EFF_1_1_22_ExpAft2024 CrpGrp "AG Bldgs, ROW, Food Processing, Industrial Areas, Uncultivated Non-AG, Landscape, Research, &amp; SOD" Python # Text NO_ENFORCE_DOMAINS</Process><Process ToolSource="c:\program files\arcgis\pro\Resources\ArcToolbox\toolboxes\Data Management Tools.tbx\CalculateField" Date="20240212" Time="135024">CalculateField CropDev2024_021224_Aft1_1_22_Issued_EFF_1_1_22_ExpAft2024 CrpGrp "Nursery" Python # Text NO_ENFORCE_DOMAINS</Process><Process ToolSource="c:\program files\arcgis\pro\Resources\ArcToolbox\toolboxes\Data Management Tools.tbx\CalculateField" Date="20240212" Time="135200">CalculateField CropDev2024_021224_Aft1_1_22_Issued_EFF_1_1_22_ExpAft2024 CrpGrp "Walnut" Python # Text NO_ENFORCE_DOMAINS</Process><Process ToolSource="c:\program files\arcgis\pro\Resources\ArcToolbox\toolboxes\Data Management Tools.tbx\CalculateField" Date="20240212" Time="135302">CalculateField CropDev2024_021224_Aft1_1_22_Issued_EFF_1_1_22_ExpAft2024 CrpGrp "Water" Python # Text NO_ENFORCE_DOMAINS</Process><Process ToolSource="c:\program files\arcgis\pro\Resources\ArcToolbox\toolboxes\Data Management Tools.tbx\CalculateField" Date="20240212" Time="135604">CalculateField CropDev2024_021224_Aft1_1_22_Issued_EFF_1_1_22_ExpAft2024 CrpGrp "AG Bldgs, ROW, Food Processing, Industrial Areas, Uncultivated Non-AG, Landscape, Research, &amp; SOD" Python # Text NO_ENFORCE_DOMAINS</Process><Process ToolSource="c:\program files\arcgis\pro\Resources\ArcToolbox\toolboxes\Data Management Tools.tbx\CalculateField" Date="20240212" Time="135905">CalculateField CropDev2024_021224_Aft1_1_22_Issued_EFF_1_1_22_ExpAft2024 CrpGrp "AG Bldgs, ROW, Food Processing, Industrial Areas, Uncultivated Non-AG, Landscape, Research, &amp; SOD" Python # Text NO_ENFORCE_DOMAINS</Process><Process ToolSource="c:\program files\arcgis\pro\Resources\ArcToolbox\toolboxes\Data Management Tools.tbx\CalculateField" Date="20240212" Time="140255">CalculateField CropDev2024_021224_Aft1_1_22_Issued_EFF_1_1_22_ExpAft2024 CrpGrp "Stone Fruit" Python # Text NO_ENFORCE_DOMAINS</Process><Process ToolSource="c:\program files\arcgis\pro\Resources\ArcToolbox\toolboxes\Data Management Tools.tbx\CalculateField" Date="20240212" Time="141748">CalculateField CropDev2024_021224_Aft1_1_22_Issued_EFF_1_1_22_ExpAft2024 CrpGrp "Rangeland" Python # Text NO_ENFORCE_DOMAINS</Process><Process ToolSource="c:\program files\arcgis\pro\Resources\ArcToolbox\toolboxes\Data Management Tools.tbx\CalculateField" Date="20240212" Time="141828">CalculateField CropDev2024_021224_Aft1_1_22_Issued_EFF_1_1_22_ExpAft2024 CrpGrp "Pastureland" Python # Text NO_ENFORCE_DOMAINS</Process><Process ToolSource="c:\program files\arcgis\pro\Resources\ArcToolbox\toolboxes\Data Management Tools.tbx\CalculateField" Date="20240212" Time="142136">CalculateField CropDev2024_021224_Aft1_1_22_Issued_EFF_1_1_22_ExpAft2024 CrpGrp "Tuber" Python # Text NO_ENFORCE_DOMAINS</Process><Process ToolSource="c:\program files\arcgis\pro\Resources\ArcToolbox\toolboxes\Data Management Tools.tbx\CalculateField" Date="20240212" Time="142405">CalculateField CropDev2024_021224_Aft1_1_22_Issued_EFF_1_1_22_ExpAft2024 CrpGrp "Tomato" Python # Text NO_ENFORCE_DOMAINS</Process><Process ToolSource="c:\program files\arcgis\pro\Resources\ArcToolbox\toolboxes\Data Management Tools.tbx\CalculateField" Date="20240212" Time="142657">CalculateField CropDev2024_021224_Aft1_1_22_Issued_EFF_1_1_22_ExpAft2024 CrpGrp "Fumigation" Python # Text NO_ENFORCE_DOMAINS</Process><Process ToolSource="c:\program files\arcgis\pro\Resources\ArcToolbox\toolboxes\Data Management Tools.tbx\CalculateField" Date="20240212" Time="142954">CalculateField CropDev2024_021224_Aft1_1_22_Issued_EFF_1_1_22_ExpAft2024 CrpGrp "Pecan/Pistachio" Python # Text NO_ENFORCE_DOMAINS</Process><Process ToolSource="c:\program files\arcgis\pro\Resources\ArcToolbox\toolboxes\Data Management Tools.tbx\CalculateField" Date="20240212" Time="143320">CalculateField CropDev2024_021224_Aft1_1_22_Issued_EFF_1_1_22_ExpAft2024 CrpGrp "Fig, Olive, Garlic, or Onion" Python # Text NO_ENFORCE_DOMAINS</Process><Process ToolSource="c:\program files\arcgis\pro\Resources\ArcToolbox\toolboxes\Data Management Tools.tbx\CalculateField" Date="20240212" Time="143432">CalculateField CropDev2024_021224_Aft1_1_22_Issued_EFF_1_1_22_ExpAft2024 CrpGrp "Animal Premise" Python # Text NO_ENFORCE_DOMAINS</Process><Process ToolSource="c:\program files\arcgis\pro\Resources\ArcToolbox\toolboxes\Data Management Tools.tbx\CalculateField" Date="20240212" Time="143531">CalculateField CropDev2024_021224_Aft1_1_22_Issued_EFF_1_1_22_ExpAft2024 CrpGrp "AG Bldgs, ROW, Food Processing, Industrial Areas, Uncultivated Non-AG, Landscape, Research, &amp; SOD" Python # Text NO_ENFORCE_DOMAINS</Process><Process ToolSource="c:\program files\arcgis\pro\Resources\ArcToolbox\toolboxes\Data Management Tools.tbx\CalculateField" Date="20240212" Time="144028">CalculateField CropDev2024_021224_Aft1_1_22_Issued_EFF_1_1_22_ExpAft2024 CrpGrp "Squash/Cucumber Family" Python # Text NO_ENFORCE_DOMAINS</Process><Process ToolSource="c:\program files\arcgis\pro\Resources\ArcToolbox\toolboxes\Data Management Tools.tbx\CalculateField" Date="20240212" Time="144220">CalculateField CropDev2024_021224_Aft1_1_22_Issued_EFF_1_1_22_ExpAft2024 CrpGrp "Nursery" Python # Text NO_ENFORCE_DOMAINS</Process><Process ToolSource="c:\program files\arcgis\pro\Resources\ArcToolbox\toolboxes\Data Management Tools.tbx\CalculateField" Date="20240212" Time="144310">CalculateField CropDev2024_021224_Aft1_1_22_Issued_EFF_1_1_22_ExpAft2024 CrpGrp "Rotational Crops" Python # Text NO_ENFORCE_DOMAINS</Process><Process ToolSource="c:\program files\arcgis\pro\Resources\ArcToolbox\toolboxes\Data Management Tools.tbx\CalculateField" Date="20240212" Time="145405">CalculateField CropDev2024_021224_Aft1_1_22_Issued_EFF_1_1_22_ExpAft2024 CrpGrp "Citrus" Python # Text NO_ENFORCE_DOMAINS</Process><Process ToolSource="c:\program files\arcgis\pro\Resources\ArcToolbox\toolboxes\Data Management Tools.tbx\CalculateField" Date="20240212" Time="145820">CalculateField CropDev2024_021224_Aft1_1_22_Issued_EFF_1_1_22_ExpAft2024 CrpGrp "Vegetable" Python # Text NO_ENFORCE_DOMAINS</Process><Process ToolSource="c:\program files\arcgis\pro\Resources\ArcToolbox\toolboxes\Data Management Tools.tbx\CalculateField" Date="20240212" Time="150100">CalculateField CropDev2024_021224_Aft1_1_22_Issued_EFF_1_1_22_ExpAft2024 CrpGrp "Pear, Persimmon, Pomegranate" Python # Text NO_ENFORCE_DOMAINS</Process><Process ToolSource="c:\program files\arcgis\pro\Resources\ArcToolbox\toolboxes\Data Management Tools.tbx\CalculateField" Date="20240212" Time="150301">CalculateField CropDev2024_021224_Aft1_1_22_Issued_EFF_1_1_22_ExpAft2024 CrpGrp "Fodder, Forage, or Silage" Python # Text NO_ENFORCE_DOMAINS</Process><Process ToolSource="c:\program files\arcgis\pro\Resources\ArcToolbox\toolboxes\Data Management Tools.tbx\CalculateField" Date="20240212" Time="151306">CalculateField CropDev2024_021224_Aft1_1_22_Issued_EFF_1_1_22_ExpAft2024 CrpGrp "Safflower" Python # Text NO_ENFORCE_DOMAINS</Process><Process ToolSource="c:\program files\arcgis\pro\Resources\ArcToolbox\toolboxes\Conversion Tools.tbx\ExportFeatures" Date="20240212" Time="155333">ExportFeatures CropDev2024_021224_Aft1_1_22_Issued_EFF_1_1_22_ExpAft2024 "G:\A_SueB\Requests for GIS\1_AppleDevicesCrop_kmz\CropsColorCode21\ColorCropsKML\ColorCropsKML.gdb\CropsFeb12_2024_1" # NOT_USE_ALIAS "permittee "permittee" true true false 100 Text 0 0,First,#,CropDev2024_021224_Aft1_1_22_Issued_EFF_1_1_22_ExpAft2024,permittee,0,99;site_id "site_id" true true false 8 Text 0 0,First,#,CropDev2024_021224_Aft1_1_22_Issued_EFF_1_1_22_ExpAft2024,site_id,0,7;permit_num "permit_num" true true false 7 Text 0 0,First,#,CropDev2024_021224_Aft1_1_22_Issued_EFF_1_1_22_ExpAft2024,permit_num,0,6;permit_yr "permit_yr" true true false 4 Long 0 0,First,#,CropDev2024_021224_Aft1_1_22_Issued_EFF_1_1_22_ExpAft2024,permit_yr,-1,-1;p_eff_date "p_eff_date" true true false 8 Date 0 0,First,#,CropDev2024_021224_Aft1_1_22_Issued_EFF_1_1_22_ExpAft2024,p_eff_date,-1,-1;p_exp_date "p_exp_date" true true false 8 Date 0 0,First,#,CropDev2024_021224_Aft1_1_22_Issued_EFF_1_1_22_ExpAft2024,p_exp_date,-1,-1;status "status" true true false 20 Text 0 0,First,#,CropDev2024_021224_Aft1_1_22_Issued_EFF_1_1_22_ExpAft2024,status,0,19;Version "Version" true true false 4 Long 0 0,First,#,CropDev2024_021224_Aft1_1_22_Issued_EFF_1_1_22_ExpAft2024,Version,-1,-1;site_name "site_name" true true false 100 Text 0 0,First,#,CropDev2024_021224_Aft1_1_22_Issued_EFF_1_1_22_ExpAft2024,site_name,0,99;loc_narr "loc_narr" true true false 100 Text 0 0,First,#,CropDev2024_021224_Aft1_1_22_Issued_EFF_1_1_22_ExpAft2024,loc_narr,0,99;is_active "is_active" true true false 1 Text 0 0,First,#,CropDev2024_021224_Aft1_1_22_Issued_EFF_1_1_22_ExpAft2024,is_active,0,0;size "size" true true false 8 Double 0 0,First,#,CropDev2024_021224_Aft1_1_22_Issued_EFF_1_1_22_ExpAft2024,size,-1,-1;size_units "size_units" true true false 25 Text 0 0,First,#,CropDev2024_021224_Aft1_1_22_Issued_EFF_1_1_22_ExpAft2024,size_units,0,24;crop_list "crop_list" true true false 254 Text 0 0,First,#,CropDev2024_021224_Aft1_1_22_Issued_EFF_1_1_22_ExpAft2024,crop_list,0,253;Shape_Length "Shape_Length" false true true 8 Double 0 0,First,#,CropDev2024_021224_Aft1_1_22_Issued_EFF_1_1_22_ExpAft2024,Shape_Length,-1,-1;Shape_Area "Shape_Area" false true true 8 Double 0 0,First,#,CropDev2024_021224_Aft1_1_22_Issued_EFF_1_1_22_ExpAft2024,Shape_Area,-1,-1;CrpGrp "CrpGrp" true true false 254 Text 0 0,First,#,CropDev2024_021224_Aft1_1_22_Issued_EFF_1_1_22_ExpAft2024,CrpGrp,0,253" #</Process><Process ToolSource="c:\program files\arcgis\pro\Resources\ArcToolbox\toolboxes\Data Management Tools.tbx\CalculateGeometryAttributes" Date="20240220" Time="130656">CalculateGeometryAttributes CropsFeb12_2024_1 "size AREA" # "US Survey Acres" PROJCS["NAD_1983_California_Teale_Albers",GEOGCS["GCS_North_American_1983",DATUM["D_North_American_1983",SPHEROID["GRS_1980",6378137.0,298.257222101]],PRIMEM["Greenwich",0.0],UNIT["Degree",0.0174532925199433]],PROJECTION["Albers"],PARAMETER["False_Easting",0.0],PARAMETER["False_Northing",-4000000.0],PARAMETER["Central_Meridian",-120.0],PARAMETER["Standard_Parallel_1",34.0],PARAMETER["Standard_Parallel_2",40.5],PARAMETER["Latitude_Of_Origin",0.0],UNIT["Meter",1.0]] "Same as input"</Process><Process ToolSource="c:\program files\arcgis\pro\Resources\ArcToolbox\toolboxes\Conversion Tools.tbx\ExportFeatures" Date="20240321" Time="152014">ExportFeatures CropsFeb12_2024_1 "G:\A_SueB\Requests for GIS\Judith_All\Crops2024\Crops_02_12_2024.shp" # NOT_USE_ALIAS "permittee "permittee" true true false 100 Text 0 0,First,#,CropsFeb12_2024_1,permittee,0,99;site_id "site_id" true true false 8 Text 0 0,First,#,CropsFeb12_2024_1,site_id,0,7;permit_num "permit_num" true true false 7 Text 0 0,First,#,CropsFeb12_2024_1,permit_num,0,6;permit_yr "permit_yr" true true false 4 Long 0 0,First,#,CropsFeb12_2024_1,permit_yr,-1,-1;loc_narr "loc_narr" true true false 100 Text 0 0,First,#,CropsFeb12_2024_1,loc_narr,0,99;is_active "is_active" true true false 1 Text 0 0,First,#,CropsFeb12_2024_1,is_active,0,0;size "size" true true false 8 Double 0 0,First,#,CropsFeb12_2024_1,size,-1,-1;size_units "size_units" true true false 25 Text 0 0,First,#,CropsFeb12_2024_1,size_units,0,24;Shape_Length "Shape_Length" false true true 8 Double 0 0,First,#,CropsFeb12_2024_1,Shape_Length,-1,-1;Shape_Area "Shape_Area" false true true 8 Double 0 0,First,#,CropsFeb12_2024_1,Shape_Area,-1,-1" #</Process></lineage><itemProps><itemName Sync="TRUE">Crops_02_12_2024</itemName><imsContentType Sync="TRUE">002</imsContentType><itemLocation><linkage Sync="TRUE">file://\\192.168.14.8\gis\A_SueB\Requests for GIS\Judith_All\Crops2024\Crops_02_12_2024.shp</linkage><protocol Sync="TRUE">Local Area Network</protocol></itemLocation><itemSize Sync="TRUE">0.000</itemSize></itemProps><coordRef><type Sync="TRUE">Projected</type><geogcsn Sync="TRUE">GCS_North_American_1983</geogcsn><csUnits Sync="TRUE">Linear Unit: Meter (1.000000)</csUnits><projcsn Sync="TRUE">NAD_1983_California_Teale_Albers</projcsn><peXml Sync="TRUE">&lt;ProjectedCoordinateSystem xsi:type='typens:ProjectedCoordinateSystem' xmlns:xsi='http://www.w3.org/2001/XMLSchema-instance' xmlns:xs='http://www.w3.org/2001/XMLSchema' xmlns:typens='http://www.esri.com/schemas/ArcGIS/3.2.0'&gt;&lt;WKT&gt;PROJCS[&amp;quot;NAD_1983_California_Teale_Albers&amp;quot;,GEOGCS[&amp;quot;GCS_North_American_1983&amp;quot;,DATUM[&amp;quot;D_North_American_1983&amp;quot;,SPHEROID[&amp;quot;GRS_1980&amp;quot;,6378137.0,298.257222101]],PRIMEM[&amp;quot;Greenwich&amp;quot;,0.0],UNIT[&amp;quot;Degree&amp;quot;,0.0174532925199433]],PROJECTION[&amp;quot;Albers&amp;quot;],PARAMETER[&amp;quot;False_Easting&amp;quot;,0.0],PARAMETER[&amp;quot;False_Northing&amp;quot;,-4000000.0],PARAMETER[&amp;quot;Central_Meridian&amp;quot;,-120.0],PARAMETER[&amp;quot;Standard_Parallel_1&amp;quot;,34.0],PARAMETER[&amp;quot;Standard_Parallel_2&amp;quot;,40.5],PARAMETER[&amp;quot;Latitude_Of_Origin&amp;quot;,0.0],UNIT[&amp;quot;Meter&amp;quot;,1.0],AUTHORITY[&amp;quot;EPSG&amp;quot;,3310]]&lt;/WKT&gt;&lt;XOrigin&gt;-16909700&lt;/XOrigin&gt;&lt;YOrigin&gt;-8597000&lt;/YOrigin&gt;&lt;XYScale&gt;266332319.7555542&lt;/XYScale&gt;&lt;ZOrigin&gt;-100000&lt;/ZOrigin&gt;&lt;ZScale&gt;10000&lt;/ZScale&gt;&lt;MOrigin&gt;-100000&lt;/MOrigin&gt;&lt;MScale&gt;10000&lt;/MScale&gt;&lt;XYTolerance&gt;0.001&lt;/XYTolerance&gt;&lt;ZTolerance&gt;0.001&lt;/ZTolerance&gt;&lt;MTolerance&gt;0.001&lt;/MTolerance&gt;&lt;HighPrecision&gt;true&lt;/HighPrecision&gt;&lt;WKID&gt;3310&lt;/WKID&gt;&lt;LatestWKID&gt;3310&lt;/LatestWKID&gt;&lt;/ProjectedCoordinateSystem&gt;</peXml></coordRef></DataProperties><SyncDate>20240321</SyncDate><SyncTime>15201200</SyncTime><ModDate>20240321</ModDate><ModTime>15201200</ModTime></Esri><dataIdInfo><envirDesc Sync="TRUE">Microsoft Windows 10 Version 10.0 (Build 19045) ; Esri ArcGIS 13.2.0.49743</envirDesc><dataLang><languageCode value="eng" Sync="TRUE"></languageCode><countryCode value="USA" Sync="TRUE"></countryCode></dataLang><idCitation><resTitle Sync="TRUE">Crops_02_12_2024</resTitle><presForm><PresFormCd value="005" Sync="TRUE"></PresFormCd></presForm></idCitation><spatRpType><SpatRepTypCd value="001" Sync="TRUE"></SpatRepTypCd></spatRpType></dataIdInfo><mdLang><languageCode value="eng" Sync="TRUE"></languageCode><countryCode value="USA" Sync="TRUE"></countryCode></mdLang><distInfo><distFormat><formatName Sync="TRUE">Shapefile</formatName></distFormat><distTranOps><transSize Sync="TRUE">0.000</transSize></distTranOps></distInfo><mdHrLv><ScopeCd value="005" Sync="TRUE"></ScopeCd></mdHrLv><mdHrLvName Sync="TRUE">dataset</mdHrLvName><refSysInfo><RefSystem><refSysID><identCode code="3310" Sync="TRUE"></identCode><idCodeSpace Sync="TRUE">EPSG</idCodeSpace><idVersion Sync="TRUE">6.8(9.2.0)</idVersion></refSysID></RefSystem></refSysInfo><spatRepInfo><VectSpatRep><geometObjs Name="Crops_02_12_2024"><geoObjTyp><GeoObjTypCd value="002" Sync="TRUE"></GeoObjTypCd></geoObjTyp><geoObjCnt Sync="TRUE">0</geoObjCnt></geometObjs><topLvl><TopoLevCd value="001" Sync="TRUE"></TopoLevCd></topLvl></VectSpatRep></spatRepInfo><spdoinfo><ptvctinf><esriterm Name="Crops_02_12_2024"><efeatyp Sync="TRUE">Simple</efeatyp><efeageom code="4" Sync="TRUE"></efeageom><esritopo Sync="TRUE">FALSE</esritopo><efeacnt Sync="TRUE">0</efeacnt><spindex Sync="TRUE">FALSE</spindex><linrefer Sync="TRUE">FALSE</linrefer></esriterm></ptvctinf></spdoinfo><eainfo><detailed Name="Crops_02_12_2024"><enttyp><enttypl Sync="TRUE">Crops_02_12_2024</enttypl><enttypt Sync="TRUE">Feature Class</enttypt><enttypc Sync="TRUE">0</enttypc></enttyp><attr><attrlabl Sync="TRUE">FID</attrlabl><attalias Sync="TRUE">FID</attalias><attrtype Sync="TRUE">OID</attrtype><attwidth Sync="TRUE">4</attwidth><atprecis Sync="TRUE">0</atprecis><attscale Sync="TRUE">0</attscale><attrdef Sync="TRUE">Internal feature number.</attrdef><attrdefs Sync="TRUE">Esri</attrdefs><attrdomv><udom Sync="TRUE">Sequential unique whole numbers that are automatically generated.</udom></attrdomv></attr><attr><attrlabl Sync="TRUE">Shape</attrlabl><attalias Sync="TRUE">Shape</attalias><attrtype Sync="TRUE">Geometry</attrtype><attwidth Sync="TRUE">0</attwidth><atprecis Sync="TRUE">0</atprecis><attscale Sync="TRUE">0</attscale><attrdef Sync="TRUE">Feature geometry.</attrdef><attrdefs Sync="TRUE">Esri</attrdefs><attrdomv><udom Sync="TRUE">Coordinates defining the features.</udom></attrdomv></attr><attr><attrlabl Sync="TRUE">site_id</attrlabl><attalias Sync="TRUE">site_id</attalias><attrtype Sync="TRUE">String</attrtype><attwidth Sync="TRUE">8</attwidth><atprecis Sync="TRUE">0</atprecis><attscale Sync="TRUE">0</attscale></attr><attr><attrlabl Sync="TRUE">permit_num</attrlabl><attalias Sync="TRUE">permit_num</attalias><attrtype Sync="TRUE">String</attrtype><attwidth Sync="TRUE">7</attwidth><atprecis Sync="TRUE">0</atprecis><attscale Sync="TRUE">0</attscale></attr><attr><attrlabl Sync="TRUE">permittee</attrlabl><attalias Sync="TRUE">permittee</attalias><attrtype Sync="TRUE">String</attrtype><attwidth Sync="TRUE">100</attwidth><atprecis Sync="TRUE">0</atprecis><attscale Sync="TRUE">0</attscale></attr><attr><attrlabl Sync="TRUE">permit_yr</attrlabl><attalias Sync="TRUE">permit_yr</attalias><attrtype Sync="TRUE">Integer</attrtype><attwidth Sync="TRUE">10</attwidth><atprecis Sync="TRUE">10</atprecis><attscale Sync="TRUE">0</attscale></attr><attr><attrlabl Sync="TRUE">loc_narr</attrlabl><attalias Sync="TRUE">loc_narr</attalias><attrtype Sync="TRUE">String</attrtype><attwidth Sync="TRUE">100</attwidth><atprecis Sync="TRUE">0</atprecis><attscale Sync="TRUE">0</attscale></attr><attr><attrlabl Sync="TRUE">is_active</attrlabl><attalias Sync="TRUE">is_active</attalias><attrtype Sync="TRUE">String</attrtype><attwidth Sync="TRUE">1</attwidth><atprecis Sync="TRUE">0</atprecis><attscale Sync="TRUE">0</attscale></attr><attr><attrlabl Sync="TRUE">size</attrlabl><attalias Sync="TRUE">size</attalias><attrtype Sync="TRUE">Double</attrtype><attwidth Sync="TRUE">19</attwidth><atprecis Sync="TRUE">0</atprecis><attscale Sync="TRUE">0</attscale></attr><attr><attrlabl Sync="TRUE">size_units</attrlabl><attalias Sync="TRUE">size_units</attalias><attrtype Sync="TRUE">String</attrtype><attwidth Sync="TRUE">25</attwidth><atprecis Sync="TRUE">0</atprecis><attscale Sync="TRUE">0</attscale></attr><attr><attrlabl Sync="TRUE">Shape_Leng</attrlabl><attalias Sync="TRUE">Shape_Leng</attalias><attrtype Sync="TRUE">Double</attrtype><attwidth Sync="TRUE">19</attwidth><atprecis Sync="TRUE">0</atprecis><attscale Sync="TRUE">0</attscale></attr><attr><attrlabl Sync="TRUE">Shape_Area</attrlabl><attalias Sync="TRUE">Shape_Area</attalias><attrtype Sync="TRUE">Double</attrtype><attwidth Sync="TRUE">19</attwidth><atprecis Sync="TRUE">0</atprecis><attscale Sync="TRUE">0</attscale><attrdef Sync="TRUE">Area of feature in internal units squared.</attrdef><attrdefs Sync="TRUE">Esri</attrdefs><attrdomv><udom Sync="TRUE">Positive real numbers that are automatically generated.</udom></attrdomv></attr></detailed></eainfo><mdDateSt Sync="TRUE">20240321</mdDateSt></metadata>
